,,,Lecture,,,,,,,,,,,,,,,,,,,,,,,,,,,,,,,
,,,Seminar,,,,,,,,,,,,,,,,,,,,,,,,,,,,,,,
,,,Tutorial,,,,,,,,,,,,,,,,,,,,,,,,,,,,,,,
,,,Workshop,,,,,,,,,,,,,,,,,,,,,,,,,,,,,,,
,,,Practical,,,,,,,,,,,,,,,,,,,,,,,,,,,,,,,
,,,Combined,,,,,,,,,,,,,,,,,,,,,,,,,,,,,,,
,,,Break out,,,,,,,,,,,,,,,,,,,,,,,,,,,,,,,
,,,Lecture (o),,,,,,,,,,,,,,,,,,,,,,,,,,,,,,,
,,,Seminar  (o),,,,,,,,,,IT,,,,,,,,,,,,,,,,,,,,,
,,,Tutorial  (o),,,,,,,,,,Specialist,,,,,,,,,,,,,,,,,,,,,
,,,Workshop  (o),Term 1,,,,,,,,,Flat,,,,,,,,,,,,,,,,,,,,,
,,,Practical  (o),Term 2,,,,,,,,,Tiered,,,,,,,,,,,,,,,,,,,,,
,,,Combined  (o),Term 1 & 2,,,,,,,,,Harvard,,,,,,,,,,,,,,,,,,,,,
Programme,Module Code,Module Name,Category,Term,Day,Start,End,Hours,Group,Group size,Staff,Module Leader,Room type,Number of students ,,,Contact hour per week,Contact time per year,Student number ,Computing,Dori,Mufy,Mufy,AS comments,Mufy,AS comments,Mufy,,AS comments 19/09/2016,Comments ,as comment,Mufy,AS comments,
Comp Fd Studies ,CN3101,Academic and Computing Skills,Lecture,1 & 2,Thursday,09:00,10:00,01:00,0,50,Paul Bombo,ML,EB.1.07,50,,,5,5,,,,,,,,,,,,,,,,
Comp Fd Studies ,CN3101,Academic and Computing Skills,Practicals,1 & 2,Thursday,14:00,16:00,02:00,1,25,Paul Bombo,,ITC09,,,,,,,,,,,,,,,,,Add Paul Bombo name on the slot ,added,,,
Comp Fd Studies ,CN3101,Academic and Computing Skills,Practicals,1 & 2,Thursday,14:00,16:00,02:00,2,25,Helen Bear,,ITC02,,,,,,,,,,,,,,,,,Add Helen Bear name on the slot ,added,,,
,,,,,,,,,,,,,,,,,,,,,,,,,,,,,,,,,,
Comp Fd Studies ,CN3105,Introduction to Computing ,Lecture,1 & 2,Monday,14:00,15:00,01:00,0,50,Shafiq Ur Rahman/Saeed Sharif,ML,WB.2.03,50,,,5,5,,,,,,,,,,,,,,,,
Comp Fd Studies ,CN3105,Introduction to Computing ,Practicals,1 & 2,Monday,15:00,17:00,02:00,1,25,Saeed Sharif,,ITC07,,,,,,,,,,,,,,,,,Remove Claudia Iacob and put Saeed Sharif name on the slot ,added,,,
Comp Fd Studies ,CN3105,Introduction to Computing ,Practicals,1 & 2,Monday,15:00,17:00,02:00,2,25,Shafiq Ur Rahman,,ITC14,,,,,,,,,,,,,,,,,Add Shafiq Ur Rehman name on the slot ,added,,,
,,,,,,,,,,,,,,,,,,,,,,,,,,,,,,,,,,
Comp Fd Studies ,CN3106,Business Information Systems ,Lecture,1 & 2,Thursday,10:00,11:00,01:00,0,50,Paul Bombo,ML,WB.2.05,50,,,5,5,,,,,,,,,,,,,,,,
Comp Fd Studies ,CN3106,Business Information Systems ,Practicals,1 & 2,Thursday,11:00,13:00,02:00,1,25,Paul Bombo,,ITC014,,,,,,,,,,,,,,,,,,,,,
Comp Fd Studies ,CN3106,Business Information Systems ,Practicals,1 & 2,Thursday,11:00,13:00,02:00,2,25,Helen Bear,,KD.2.15,,,,,,,,,,,,,,,,,Remove Arish Siddiqui and put Helen Bear name on the slot,,Change tutor to Helen Bare,changed,
,,,,,,,,,,,,,,,,,,,,,,,,,,,,,,,,,,
Comp Fd Studies ,CN3104,Applied Mathematics,Lecture,1 & 2,Monday,10:00,11:00,01:00,0,50,Paul Bombo/Joseph Doyle,ML,EB.1.07,50,,,5,5,,,,,,,,,,,,Remove Sin Wee Lee and add Paul Bombo / Joseph Doyle into the slot ,amended,,,
Comp Fd Studies ,CN3104,Applied Mathematics,Practicals,1 & 2,Monday,11:00,13:00,02:00,1,25,Joseph Doyle,,ITC08,,,,,,,,,,,,,,,,,Remove Sin Wee Lee and add Joseph Doyle into the slot ,amended,,,
Comp Fd Studies ,CN3104,Applied Mathematics,Practicals,1 & 2,Monday,11:00,13:00,02:00,2,25,Paul Bombo,,KD.2.28,,,,,,,,,,,,,,,,,Add Paul Bombo into the slot ,PB added,,,
,,,,,,,,,,,,,,,,,,,,,,,,,,,,,,,,,,
Level 4,,,,,,,,,,,,,,,,,,,,,,,,,,,,,,,,,,
"C4B, CS",CN4101,Information Systems Modelling and Design ,Lecture,1 & 2,Wednesday,09:00,11:00,02:00,0,100,Arish Siddiqui,ML,MLT,49 + new students ,,,10,10,,,,,,,,,,,,,,,,
"C4B, CS",CN4101,Information Systems Modelling and Design ,Practicals,1 & 2,Wednesday,11:00,13:00,02:00,1,25,Arish Siddiqui,,KD.2.15,,,,,,,,,,,,,,,,,,,,,
"C4B, CS",cn4101,Information Systems Modelling and Design ,Practicals,1 & 2,Friday,14:00,16:00,02:00,2,25,Helen Bear,,ITC1-ITC5,,,,,,,,,,,,,,"Please book the following slot (Fri 14-16, any ITC 1-5)",,ITC01 booked Fri,Remove Arish Sadiqui and put Helen Bear into the slot and remove the extra group 2 slot on Wednesday ,Arish removed Helen Bear added.  Group 2 Wed ITC04 cancelled,,,
"C4B, CS",CN4101,Information Systems Modelling and Design ,Practicals,1 & 2,Tuesday,14:00,16:00,02:00,3,25,Arish Siddiqui,,ITC11,,,,,,,,,Please update the Slot,"Please update the room & slot (Thur 2-4, ITC04)",ITC04 booked all dates apart from wk 11 ITC07 booked,Cancel room ITC 06 (Wed 11-1),Cancelled,,,,This slot is not appear in Celcat ,requested to ITC  room TT 28/9,"Timetable clash, please update tutorial (Tuesday 2-4) any ITC Lab",requested ITC 4 Oct,
"C4B, CS",CN4101,Information Systems Modelling and Design ,Practicals,1 & 2,Tuesday,16:00,18:00,02:00,4,25,Arish Siddiqui,,ITC08,,,,,,,Changed,,Please update the Slot,"Please update the room & slot (Thur 4-6, ITC11)",ITC01 booked for all dates,Cancel room ITC 11 (Wed 11-1),cancelled,,,,,,"Please update group, Tuesday 4-6, Any ITC room",requested ITC 4 Oct,
"C4B, CS",CN4101,Information Systems Modelling and Design ,Practicals,1 & 2,Tuesday,14:00,16:00,02:00,5,25,Solomon Alexis,,ITC01-ITC05,,,,,,,changed,,Please update the Slot,"Please update the room & slot (Thur 11-1, ITC06)",ITCO3 booked for all date ,Cancel room ITC 05 (Wed 11-1),cancelled,,,,,,,,Update tutor & Slot (Tue 2-4 any ITC 1-5)
"C4B, CS",CN4101,Information Systems Modelling and Design ,Practicals,1 & 2,Thursday,16:00,18:00,02:00,6,25,Shareeful Islam,,ITC1-ITC5,,,,,,,update tutor,,Please update the Slot,"Please update the room & slot (Thur 11-1, ITC06)",ITCO3 booked for all date ,Cancel room ITC 05 (Wed 11-1),cancelled,"Please book the following slot (Fri 11-13, any ITC 1-5)",,ITC04 booked,This slot does not appear in Celcat ,ITC04 is already booked 11-13 group 6,,,Update tutor & Slot (Thur 4-6 any ITC 1-5)
,,,,,,,,,,,,,,,,,,,,,,,,,,,,,,,,,,
"C4B, CS, CASS",CN4102,Introduction to Software Development,Lecture,1 & 2,Thursday,09:00,11:00,02:00,0,100,Aaron Kans,ML,EB.2.43,49 + new students ,,,10,10,,,,,,,,,,,,,,,,
"C4B, CS, CASS",CN4102,Introduction to Software Development,Practicals,1 & 2,Friday,11:00,13:00,02:00,1,25,Shafiq Ur Rehman,,ITC03,,,,,,,,,,,,,,,,,Rename this as group 4. Add Shafiq Ur Rehman into the slot ,updated as requested,,,
"C4B, CS, CASS",CN4102,Introduction to Software Development,Practicals,1 & 2,Thursday,11:00,13:00,02:00,2,25,Sin Wee Lee,,ITC04,,,,,,,,,,,,,,,,,Remove Syed Islam and put Sin Wee Lee into the slot ,updated as requested,,,
"C4B, CS, CASS",CN4102,Introduction to Software Development,Practicals,1 & 2,Friday,11:00,13:00,02:00,3,25,Saeed Sharif,,ITC03,,,,,,,,,Change tutorial Group ,,Updated group 3 - tutor Sin Wee,Please update room to (ITC 1 -6) for both semesters,"Request rejected from  TT if the time can be changed they can offer the following 9am-11 available in ITC03/ 1pm-3pm in ITC01,ITC02/ 10am-12pm in ITC04, ITC06.",,,,,,,,
"C4B, CS, CASS",CN4102,Introduction to Software Development,Practicals,1 & 2,Thursday,11:00,13:00,02:00,4,25,Aaron Kans,,ITC05,,,,,,,,,,"Please update room (Thur 11-1, ITC05)",ITC05 booked for all dates,,,,,,Rename this as group 1,updated as requested,,,
"C4B, CS, CASS",CN4102,Introduction to Software Development,Practicals,1 & 2,Friday,09:00,11:00,02:00,5,25,Shafiq Ur Rehman,,ITC1-ITC5,,,,,,,changed,,,,,,,"Please book the following slot (Wed 11-1, any ITC 1-5)",,ITC05 booked,Add Shafiq Ur Rehman into the slot and rename to group 5 ,updated as requested,,,"Update slot (Fri 9-11, any ITC 1-5)"
"C4B, CS, CASS",CN4102,Introduction to Software Development,Practicals,1 & 2,Thursday,11:00,13:00,02:00,6,25,Shafiq Ur Rehman ,,ITC03,,,,,,,,,,"Please update room (Thur 11-1, ITC03)",ITC01 term 1 & ITC03 Term 2 ,Please update room to (ITC 1 -6) for for semesters 2,ITC03 booked term 2,"Please book the following slot Thu 11-1, ITC 03)",,ITC01 booked 11-13 Gr 6,,,,,
,,,,,,,,,,,,,,,,,,,,,,,,,,,,,,,,,,
"C4B, CS, CASS",CN4104,Introduction to Computer Systems and Network,Lecture,1 & 2,Thursday,14:00,16:00,02:00,0,100,Usman Naeem/Syed Islam,ML,WB.G.02,49 + new students ,,,10,10,,,,,,,,,,,,,,"Cancel group 5, Fri: 11-13 (ITC 05), Famihea Jafari, please reassign any students to the other tutorials ","Requested cancellation , you need to let Student Records know about groups allocations ",
"C4B, CS, CASS",CN4104,Introduction to Computer Systems and Network,Practicals,1 & 2,Thursday,16:00,18:00,02:00,1,25,Solomon Alexis,,KD.2.14,,,,,,,(Tue 4-6 on the CELCAT),,,"Please update the slot (tue 1-3, KD.2.14)",Updated,,,,,,Move this to Thursday between 1600 - 1800 / remove Usman Naeem and put Kinzonji Tavares into the slot ,updated and moved as requested,"Cancel group 3, Fri: 11-13 (ITC 02), please reassign any students to the other tutorials ",…..Ditto………..,
"C4B, CS, CASS",CN4104,Introduction to Computer Systems and Network,Practicals,1 & 2,Tuesday,13:00,15:00,02:00,2,25,Usman Naeem,,KD.2.15,,,,,,,K Tavares? (Tues 9 -11 CELCAT),,,"Please update the slot (tue 1-3, KD.2.14)",Updated now clashes with group 1 in KD2.14,Please update the room (KD.2.15),updated,,,,Remove Kinzonji Tavares and put Usman Naeem into the slot ,updated as requested,,,
"C4B, CS, CASS",CN4104,Introduction to Computer Systems and Network,Practicals,1 & 2,Friday,09:00,11:00,02:00,3,25,Mike Kretsis,,KD.2.14,,,,,,,(Thursday 4-6),Timetable shows on Thu 16-18 Kd.2.14 and clash with CN5120,,"Please update the slot (fri 9-11, KD.2.14)",Updated,,,,,,,,,,
"C4B, CS, CASS",CN4104,Introduction to Computer Systems and Network,Practicals,1 & 2,Friday,09:00,11:00,02:00,4,25,Usman Naeem,,KD.2.15,,,,,,,,,,"Please update the slot (fri 9-11, KD.2.15)",Updated,,,,,,,,,,
"C4B, CS, CASS",CN4104,Introduction to Computer Systems and Network,Practicals,1 & 2,Monday,11:00,13:00,02:00,5,25,Fahimeh Jafari,,KD.2.14,,,,,,,,,,,,,,"Please book the following slot (Fri 11-1, any ITC 1- ITC 5)",,"ITC05 for all Term 1 and 2, except for weeks 18-20 in ITC07.","Move this to Monday 1100- 1300 at KD.2.14, add Fahimeh Jafari into the slot ",Moved as requested &  ITC04 cancelled Friday 11-13  FJ not on CELCAT yet,,,
"C4B, CS, CASS",CN4104,Introduction to Computer Systems and Network,Practicals,1 & 2,Monday,11:00,13:00,02:00,6,25,Mike Kretsis,,KD.2.15,,,,,,,,,,,,,,,,,Move this to Monday 1100- 1300 at KD.2.15,Group 6 booked in KD2.15 Monday 11-13,,,
,,,,,,,,,,,,,,,,,,,,,,,,,,,,,,,,,,
"C4B, CS, CASS",CN4106,Introduction to Web Technologies,Lecture,1,Monday,14:00,16:00,02:00,0,100,Gaurav Malik,ML,MLT,49 + new students ,,,10,5,,,,,,,,,,,,,,,,
"C4B, CS, CASS",CN4106,Introduction to Web Technologies,Practicals,1,Monday,16:00,18:00,02:00,1,25,Gaurav Malik,,KD.2.14,,,,,,,,,,,,,,,,,,,,,
"C4B, CS, CASS",CN4106,Introduction to Web Technologies,Practicals,1,Tuesday,16:00,18:00,02:00,2,25,Gaurav Malik,,KD.2.28,,,,,,,,,,,,,,,,,,,,,
"C4B, CS, CASS",CN4106,Introduction to Web Technologies,Practicals,1,Tuesday,09:00,11:00,02:00,3,25,Gaurav Malik,,ITC03,,,,,,,,,,,,,,,,,,,,,
"C4B, CS, CASS",CN4106,Introduction to Web Technologies,Practicals,1,Monday,16:00,18:00,02:00,4,25,Fahimeh Jafari,,KD.2.28,,,,,,,,Update room to KD.2.28,,"Update room  (mon 4-6, KD.2.28)",updated,,,,,,Add Fahimeh Jafari into the slot ,FJ not on CELCAT yet,,,
"C4B, CS, CASS",CN4106,Introduction to Web Technologies,Practicals,1,Thursday,11:00,13:00,02:00,5,25,Fahimeh Jafari,,ITC1-ITC5,,,,,,,,,,,,,,"Please book the following slot (Fri 9-11, ITC1-ITC5)",,ITC02 booked,,,,,
"C4B, CS, CASS",CN4106,Introduction to Web Technologies,Practicals,1,Wednesday,11:00,13:00,02:00,6,25,Fahimeh Jafari,,KD.2.28,,,,,,,,,,,,Update tutor,Member of staff not on CELCAT yet - cannot be updated until contract has ben signed if new,,s been signed ,,This slot does not appear in Celcat ,KD2.28 booked as requested group 6,,,
,,,,,,,,,,,,,,,,,,,,,,,,,,,,,,,,,,
CS,CN4107,Maths for Computing ,Lecture,2,Monday,11:00,13:00,02:00,0,100,Quentin Charatan,ML,EB.2.44,49 + new students ,,,10,5,,Q Charatan ?,Timetable shows 11-13,Updated,,,,,,,,,,,,
CS,CN4107,Maths for Computing ,Tutorial,2,Tuesday,11:00,13:00,02:00,1,25,Quentin Charatan,,EB.G.10,,,,,,,,,,,,,,,,,,,,,
CS,CN4107,Maths for Computing ,Tutorial,2,Tuesday,14:00,16:00,02:00,2,25,Quentin Charatan,,EB1.105,,,,,,,,,,,,,,,,,,,,,
,,,,,,,,,,,,,,,,,,,,,,,,,,,,,,,,,,
Level 5,,,,,,,,,,,,,,,,,,,,,,,,,,,,,,,,,,
"CS, C4B",CN5101,Database Systems,Lecture,1 & 2,Tuesday,09:00,10:00,01:00,0,75,Mufajjul Ali,ML,WB.G.02,124,,,11,11,,,,,,,,,,,,,,,,
"CS, C4B",CN5101,Database Systems,Practicals,1 & 2,Tuesday,10:00,12:00,02:00,1,25,Mufajjul Ali,,ITC11,,,,,,,,,,,,,,,,,,,,,
"CS, C4B,",CN5101,Database Systems,Practicals,1 & 2,Tuesday,10:00,12:00,02:00,2,25,Arish Siddiqui,,ITC12,,,,,,,,,,,,,,,,,,,,,
"CS, C4B",CN5101,Database Systems,Practicals,1 & 2,Thursday,09:00,11:00,02:00,3,25,Helen Bear,,ITC 11,,,,,,,,,,,,Update tutor,Member of staff not on CELCAT yet - cannot be updated until contract has been signed,Plese update the room to any ITC (1-5) room,,ITC11 booked ,,,,,
"CS, C4B",CN5101,Database Systems,Practicals,1 & 2,Thursday,09:00,11:00,02:00,4,25,Solomon Alexis,,ITC12,,,,,,,Do we need 4 grps?,Should I cancel it?,Hold on to it until we get a definitive number of students,,,,,,,,Remove Julie Wall from the slot ,removed,"Please update tutorial room & tutor (Solomon, Alexsis, ITC 12)",requested ITC room  + updated Solomon Alexis,
,,,,,,,,,,,,,,,,,,,,,,,,,,,,,,,,,,
CN retakes only,CN5109,Web Application Development ,Lecture,1 & 2,Tuesday,14:00,15:00,01:00,0,75,Andres Baravalle,ML,,77,,,7,7,,Release room,,Please book KD.2.28 for the lecture,,EBG.06 cancelled booked into KD2.28,,,,,,,,,,Cancel Slot
CN retakes only,CN5109,Web Application Development ,Practicals,1 & 2,Tuesday,15:00,17:00,02:00,1,25,Andres Baravalle,,,,,,,,,Release room,,,,,Update tutor,updated,,,,,,,,Cancel Slot
,,,,,,,,,,,,,,,,,,,,,,,,,,,,,,,,,,
CS,CN5122,Data Communications and Networks ,Lecture,1 & 2,Friday,09:00,10:00,01:00,0,75,Aloysius Edoh/Amin Karami/Fahimeh Jafari,ML,EB.3.16,81,,,7,7,,,,,,,,,,,,Please add Fahimed Jafari into the staff list,FJ no on CELCAT yet,,,
CS,CN5122,Data Communications and Networks ,Practicals,1 & 2,Friday,15:00,17:00,02:00,1,25,Amin Karami,,KD.2.14,,,,,,,,timetable shows KD.2.28,Updated,,,,,,,,,,,,
CS,CN5122,Data Communications and Networks ,Practicals,1 & 2,Friday,15:00,17:00,02:00,2,25,Aloysius Edoh,,KD.2.15,,,,,,,,,,,,,,,,,,,,,
CS,CN5122,Data Communications and Networks ,Practicals,1 & 2,Friday,15:00,17:00,02:00,3,25,Paul Bombo,,KD.2.28,,,,,,,new group created,Should I book one of the ITC rooms? ,,"Please update the slot (Fri 3-5, KD.2.28)",Booked KD2.28 as requested for group 3 - not 2 as they are booked in KD2.15 is this correct?,yes,,,,,,,,,
,,,,,,,,,,,,,,,,,,,,,,,,,,,,,,,,,,
C4B ,CN5110,Information Systems Management and Strategy ,Lecture,1 & 2,Friday,10:00,11:00,01:00,0,50,,ML,EB.1.04,43,,,5,5,,,changed module to CN5210,,,,,,,,,This is not scheduled in Celcat ,This module was requested as not in use on DELTA 2016/7 as per email from Dori to Systems & Courses  13/07/2016 - please advise?,,,
C4B ,CN5110,Information Systems Management and Strategy ,Practicals,1 & 2,Friday,11:00,13:00,02:00,1,25,,,KD.2.15,,,,,,,,,,,,,,,,,This is not scheduled in Celcat ,ditto,,,
C4B ,CN5110,Information Systems Management and Strategy ,Practicals,1 & 2,Friday,15:00,17:00,02:00,2,25,,,KD.2.15,,,,,,,,,,,,,,,,,This is not scheduled in Celcat ,ditto,,,
,,,,,,,,,,,,,,,,,,,,,,,,,,,,,,,,,,
CS,CN5103,Operating Systems,Lecture,1,Thursday,09:00,11:00,02:00,0,50,Usman Naeem,ML,EB.G.10,47,,,6,3,,,,,,,,,,,,,,,,
CS,CN5103,Operating Systems,Practicals,1,Friday,13:00,15:00,02:00,1,25,Paul Bombo,,KD.2.15,,,,,,,,Timetable shows on Fri 13-15 Kd.2.15 ,Updated,,,Cancel KD.2.14 (Mon 3-5),cancelled,,,,,,,,
CS,CN5103,Operating Systems,Practicals,1,Thursday,11:00,13:00,02:00,2,25,Usman Naeem,,KD.2.14,,,,,,,,Timetable shows on Thu 11-13 Kd.2.14 ,Updated,,,Cancel KD.2.15 (Mon 3-5),cancelled,,,,,,,,
,,,,,,,,,,,,,,,,,,,,,,,,,,,,,,,,,,
CS,CN5120,Advanced Programming ,Lecture,1,Tuesday,13:00,15:00,02:00,0,50,Syed Islam,ML,WB.3.02,47 + 50 (CN6104),,,10,5,,,,,,,,,,,,,,CN5120: Cancel group 1 (Tue 3-5) Syed,Cancelled ,
CS,CN5120,Advanced Programming ,Practicals,1,Thurday,15:00,17:00,02:00,1,25,Paolo Falcarin,,KD.2.14,,,,,,,Swap tutorials,,,,,,,,,,This slot does not appear in Celcat ,added  Thu 15-17 Group 1 KD2.14,"Timetable clash, Thur 3-5, Change room (any ITC  1-5)",Requested ITC,Update Tutor
CS,CN5120,Advanced Programming ,Practicals,1,Friday,11:00,13:00,02:00,2,25,Syed Islam,,KD.2.28,,,,,,,,,Please update the room & slot,"Please update the room & slot (Fri 11-1, KD.2.28)",Do you want group 2 to be moved from Tue 15.00 - 17.00 to Fri 11-1 in KD2.28 or a new group 3 to be booked,Please move group 2  from Tue 15.00 - 17.00 to Fri 11-1 in KD2.28,moved as requested,,,,Remove Syed Islam and add Paolo Falcarin in the slot ,amended,,,Update Tutor
CS,CN5120,Advanced Programming ,Practicals,1,Friday,11:00,13:00,02:00,3,25,Paolo Falcarin,,ITC1-ITC5,,,,,,,change,,Please update the room & slot,"Please update the room & slot (Fri 11-1, KD.2.28)",Do you want group 2 to be moved from Tue 15.00 - 17.00 to Fri 11-1 in KD2.28 or a new group 3 to be booked,,,Please book the following slot (Fri 11-1) - any ITC 1-5,," ITC02 for all Term 1 and 2, except for weeks 18-20 in ITC08.",Add this slot and remove the slot on Tuesday between 1500 - 1700.,Request ITC from TT term 1 only,Add this group (Fri 11-1),Group 3 added,
,,,,,,,,,,,,,,,,,,,,,,,,,,,,,,,,,,
"C4B, CN retakes only",CN5108,System Administration,Lecture,1,Tuesday,13:00,15:00,02:00,0,75,Mike Kretsis,ML,,77,,,8,4,,Release rooms,,,,,,,,,,,,,,
"C4B, CN retakes only",CN5108,System Administration,Practicals,1,Friday,13:00,15:00,02:00,1,25,Mike Kretsis,,,,,,,,,Release rooms,,,,,,,,,,,,,,Cancel Room 
,,,,,,,,,,,,,,,,,,,,,,,,,,,,,,,,,,Cancel Room 
"CS, C4B",CN5104,Computing in Practice,Lecture,2,Friday,13:00,15:00,02:00,0,125,Mike Kretsis,ML,NB.2.05,124,,,12,6,,Module to be revalidated. 5 weeks teaching only,,,,,,,,,,Remove Mufajjul Ali from the staff list,removed,,,
"CS, C4B",CN5104,Computing in Practice,Practicals,2,Friday,15:00,17:00,02:00,1,25,Mike Kretsis,,EBG.08 ,,,,,,,,EB.G.08 is booked as a practial for all students ,,"EG.G.08 is booked for group 1 practical - is this correct, is so do you want me to request a flat room",,,,,,,,,,,
"CS, C4B",cn5104,Computing in Practice,Practicals,2,Friday,15:00,17:00,02:00,2,25,Joseph Doyle,,DL.3.06,,,,,,,,,,"Please update the room & slot (Fri 3-5, EBG.3.15)",DL.3.06 booked ,,,,,,Add Josept Doyle as staff ,added,,,
"CS, C4B",CN5104,Computing in Practice,Practicals,2,Friday,15:00,17:00,02:00,3,25,Helen Bear,,EB1.44,,,,,,,,,Change tutorial time and book a new room,"Please update the room & slot (Fri 3-5, EBG.3.18)",EB.1.44 booked,Please book EB.1.44 for Fri 3-5,booking extended,,,,,,,,
,,,,,,,,,,,,,,,,,,,,,,,,,,,,,,,,,,
CS,CN5121,Data Structure and Algorithms,Lecture,2,Tuesday,13:00,15:00,02:00,0,50,Paolo Falcarin/Shafiq Ur Rahman,ML,EB.1.04,47,,,6,3,,Change of lecturer,,,,,,,,,,Remove Aaron Kans and add Shafiq Ur Rehman into the staff list ,amended,,,
CS,CN5121,Data Structure and Algorithms,Practicals,2,Tuesday,15:00,17:00,02:00,1,25,Shafiq Ur Rahman,,ITC05,,,,,,,,,,,,,,,,,Remove Aaron Kans and add Shafiq Ur Rehman into the staff list ,amended,,,
CS,CN5121,Data Structure and Algorithms,Practicals,2,Tuesday,15:00,17:00,02:00,2,25,Paolo Falcarin,,ITC06,,,,,,,,,,,,,,,,,,,,,
,,,,,,,,,,,,,,,,,,,,,,,,,,,,,,,,,,
C4B,CN5209,Applications Development for Business ,Lecture,1,Thursday,11:00,13:00,02:00,0,25,Mufajjul Ali/Amin Karami,ML,WB.2.05,,,,,,,Replaces CN5109,"Mike said CN5109 and CN5209 will run as 2 different modules the module is not on Celcat yet, waiting for IT to add it. ",updated,,,,,,,,,,,,
C4B,CN5209,Applications Development for Business ,Practical,1,Thursday,14:00,16:00,02:00,1,25,Mufajjul Ali/Amin Karami,,KD.2.15,,,,,,,,,Please book KD.2.15 for two hours,,,,,,,,The practical is between 1600-1800. Move this to KD.2.15,amended,,,
,,,,,,,,,,,,,,,,,,,,,,,,,,,,,,,,,,
C4B,CN5210,Information Systems Security Strategy and Risk Management,Lecture,1&2,Friday,10:00,11:00,01:00,0,50,Aloysius Edoh,ML,EB.1.04,,,,,,,Replaces CN5110,Done,,,,,,,,,,,,,
C4B,CN5210,Information Systems Security Strategy and Risk Management,Practical,1&2,Friday,11:00,13:00,02:00,1,25,Aloysius Edoh,,KD.2.14,,,,,,,cancel group,,,,,,,,,,,,,,Cancel Group 
C4B,CN5210,Information Systems Security Strategy and Risk Management,Practical,1&2,Friday,11:00,13:00,02:00,2,25,Shareeful Islam,,KD.2.15,,,,,,,labs swapped,,,,,,,,,,,,,,
,,,,,,,,,,,,,,,,,,,,,,,,,,,,,,,,,,
Level 6,,,,,,,,,,,,,,,Student numbers:,2014/15,,,,,,,,,,,,,,,,,,
"C4B, CN, CS",CN6103,Project (CN6115/ CN6203T mirror CN6103),Lecture,1,Monday,10:00,12:00,02:00,0,100,Usman Naeem/Syed Islam,ML,EB.2.44,130,Level 3:,,2,1,,moved forward one hour,"Cancelled week 4 and 5 lecture, book 6 practical classes instead",,,,,,,,,,,,,
,,,,,,,,,,,,,,,Fd Computing Studies,49,,,,,"Group 1-DL.3.06
Group 2-EB.1.46
Group 3-EB.1.45
Group 4-EB.1.42
Group 5-EB.3.11
Group 6-EB.1,45
",,,,,,,,,,,,,
CN,CN6106,Network Design and Management,Lecture,1 & 2,Monday,13:00,14:00,01:00,0,25,Aloysius Edoh/Amin Karami/Fahimeh Jafari,ML,EB.1.01,43,,,5,5,,,,,,,,,,,,Add Fahimed Jafari into the staff list ,FJ not on CELCAT yet,,,
CN,CN6106,Network Design and Management,Practicals,1 & 2,Monday,14:00,16:00,02:00,1,25,Aloysius Edoh/Amin Karami/Fahimeh Jafari,,KD.2.15,,Level 4:,,,,,changed from KD.2.14,,,,,,,,,,Add Fahimed Jafari into the staff list ,FJ not on CELCAT yet,,,
,,,,,,,,,,,,,,,BSc (Hons) Computer Science ,47,,,,,,,,,,,,,,,,,,
"CN, CS",CN6107,Computers and Network Security,Lecture,1,Tuesday,10:00,11:00,01:00,0,125,Ameer Al-Nemrat,ML,MLT,130,BSc (Hons) Computer Networks ,34,12,6,,May need grp 4?,,,,,,,,,,,,,,
"CN, CS",CN6107,Computers and Network Security,Practicals,1,Tuesday,11:00,13:00,02:00,1,25,Ameer Al-Nemrat,,KD.2.28,,BSc (Hons) Computing for Business ,43,,,,,,,,,,,,,,,,,,
"CN, CS",CN6107,Computers and Network Security,Practicals,1,Tuesday,11:00,13:00,02:00,2,25,Amin Karami,,KD.2.14,,,,,,,,,,,,,,,,,,,,,
"CN, CS",CN6107,Computers and Network Security,Practicals,1,Tuesday,15:00,17:00,02:00,3,25,Amin Karami,,KD.2.15,,BSc (Hons) Computer Networks ,43,,,,,,,,,,,,,,,,"Tmetable clash, please update slot Tue 3-5, KD2.15",updated to 15.00 - 17.00,
,,,,,,,,,,,,,,,BSc (Hons) Computing for Business ,23,,,,,,,,,,,,,,,,,,
C4B,CN6111,Enterprise Architecture,Lecture,1,Thursday,14:00,15:00,01:00,0,25,Aloysius Edoh,ML,EB.288,73,BSc (Hons) Computing & BSc (Hons) Information Technology ,50,7,3.5,,,,,,,,,,,,,,,,
C4B,CN6111,Enterprise Architecture,Practicals,1,Thursday,15:00,17:00,02:00,1,25,Aloysius Edoh,,KD.2.28,,BSc (Hons) Software Engineering ,14,,,,,,,,,,,,,,,,,,
C4B,CN6111,Enterprise Architecture,Practicals,1,Thursday,15:00,17:00,02:00,2,25,Aloysius Edoh,,ITC05,,,,,,,Need new time and room,,,,,,,,,,,,,,
,,,,,,,,,,,,,,,,,,,,,,,,,,,,,,,,,,
"C4B, CN",CN6112,Project Management ,Lecture,1,Thursday,10:00,11:00,01:00,0,50,Shareeful Islam,ML,EB.2.46,116,,,9,4.5,,,,,,,,,,,,,,,,
"C4B, CN",CN6112,Project Management ,Practicals,1,Thursday,11:00,13:00,02:00,1,25,Shareeful Islam,,ITC08,,,,,,,,,,,,,,,,,,,,,
"C4B, CN",CN6112,Project Management ,Practicals,1,Thursday,11:00,13:00,02:00,2,25,Saeed Sharif,,ITC11,,,,,,,,,,,,,,,,,Remove Ameer and add Saeed Sharif into the slot ,amended,,,
"C4B, CN",CN6112,Project Management ,Practicals,1,Thursday,14:00,16:00,02:00,3,25,Saeed Sharif,,ITC12,,,,,,,Move slot,,,,,,,,,,Remove Syed Islam ,removed,,,"Update tutor & slot (Thur 14 -16, any ITC room)"
,,,,,,,,,,,,,,,,,,,,,,,,,,,,,,,,,,
CS,CN6120,Formal Methods,Lecture,1,Monday,13:00,14:00,01:00,0,40,Aaron Kans,ML,EB.1.44,14,,,3,1.5,,,,,,,,,,,,,,,,
CS,CN6120,Formal Methods,Practicals,1,Monday,14:00,16:00,02:00,1,20,Aaron Kans,,ITC02,,,,,,,,,,,,,,,,,,,,,
CS,CN6120,Formal Methods,Practicals,1,Monday,14:00,16:00,02:00,2,20,Aaron Kans,,ITC06,,,,,,,29 students - should fit into ITC02,,,,,,,,,,,,,,Cancel Slot
,,,,,,,,,,,,,,,,,,,,,,,,,,,,,,,,,,
CN,CN6113,Information Security and Risk Management ,Lecture,2,Thursday,09:00,10:00,01:00,0,40,Shareeful Islam,ML,EB.G.06,116,,,9,4.5,,,,,,,,,,,,,,,,
CN,CN6113,Information Security and Risk Management ,Practicals,2,Thursday,10:00,12:00,02:00,1,20,Shareeful Islam,,ITC02,,,,,,,,,,,,,,,,,,,,,
CN,CN6113,Information Security and Risk Management ,Practicals,2,Thursday,10:00,12:00,02:00,2,20,,,ITC06,,,,,,,Two group is enough,Should I cancel this?,Hold on to it until we get a definitive number of students,,,,,,,,,,,,
CN,CN6113,Information Security and Risk Management ,Practicals,2,Thursday,10:00,12:00,02:00,3,0,,,ITC01,,,,,,,Grp 2 to be moved,Should I cancel this?,Hold on to it until we get a definitive number of students,,,,,,,,,,,,
,,,,,,,,,,,,,,,,,,,,,,,,,,,,,,,,,,
CS,CN6204,Distributed Systems ,Lecture,2,Wednesday,09:00,11:00,02:00,0,50,Mufajjul Ali/Paolo Falcarin/Joseph Doyle,ML,EB.3.19,50 + 50 (CN6204),,,9,4.5,,,Time changed to 9-11,,,,,,,,,Put Mufajjul Ali/Paolo Falcarin/Joseph Doyle into the staff list ,amended,,,
CS,CN6204,Distributed Systems ,Practicals,2,Wednesday,11:00,13:00,02:00,1,25,Mufajjul Ali,,KD.2.14,,,,,,,,,,,,,,,,,Remove Syed Islam and add Mufajjul Ali into the slot ,amended,,,
CS,CN6204,Distributed Systems ,Practicals,2,Wednesday,11:00,13:00,02:00,2,25,Paolo Falcarin,,KD.2.28,,,,,,,,,,,,,,,,,,,,,
,,,,,,,,,,,,,,,,,,,,,,,,,,,,,,,,,,
CS,CN6211,Mobile Application Development ,Lecture,2,Tuesday,14:00,15:00,01:00,0,75,Gaurav Malik,ML,EB.G.08,64,,,7,3.5,,,,,,,,,,,,Add Shafiq Ur Rehman into the staff list ,added,,,
CS,CN6211,Mobile Application Development ,Practicals,2,Tuesday,15:00,17:00,02:00,1,25,Gaurav Malik,,KD.2.15,,,,,,,,,,,,,,,,,,,,,
CS,CN6211,Mobile Application Development ,Practicals,2,Tuesday,09:00,11:00,02:00,2,25,Gaurav Malik,,KD.2.14,,,,,,,,,,,,,,,,,This slot does not appear in Celcat ,added term 2 only,,,
CS,CN6211,Mobile Application Development ,Practicals,2,Tuesday,11:00,13:00,02:00,3,25,Gaurav Malik,,KD.2.15,,,,,,,Don't think we need 3 grps,Should I cancel it?,Hold on to it until we get a definitive number of students,,,,,,,,This slot does not appear in Celcat ,added term 2 only,,,
,,,,,,,,,,,,,,,,,,,,,,,,,,,,,,,,,,
C4B,CN6108,Business Intelligence Analysis,Lecture,2,Thursday,13:00,14:00,01:00,0,50,Sin Wee Lee/Andres Baravalle ,ML,EB.2.88,73,,,7,3.5,,,,,,,,,,,,,,,,
C4B,CN6108,Business Intelligence Analysis,Practicals,2,Monday,14:00,16:00,02:00,1,25,Sin Wee Lee,,ITC02,,,,,,,,,,,,,,,,,,,,,
C4B,CN6108,Business Intelligence Analysis,Practicals,2,Monday,14:00,16:00,02:00,2,25,Andres Baravalle,,KD.2.28,,,,,,,1 grp probably enough,,,,,,,,,,Remove Term 1 occurrence for this slot ,removed,,,
,,,,,,,,,,,,,,,,,,,,,,,,,,,,,,,,,,
SE,CN6104,Network Programming and Distributed Systems,Lecture,1 & 2,Tuesday,13:00,15:00,0,0,25,Mufajjul Ali/Syed Islam,ML,WB.3.02/EB.3.19,50,,,,,,"Term 1 (CN5120, term 2 CN6204)",Timetable change lectures what about the labs?,"

The issue is if CN6104 needs to run. This module is no longer offered to students from 2016/17 onwards. The only students taking it will be any students who fail the resit this summer and need to take it as a third opportunity in 2016/17. I assume there will be at least one such student, so we need to keep it on the timetable for now and it will mirror the CN5104 module.
",,,,,,,,Add Mufajjul Ali into the staff list,,,,
SE,CN6104,Network Programming and Distributed Systems,Practicals,1 & 2,Wednesday,11:00,13:00,0,1,25,,,KD.2.14,,,,,,,Room booked for SEMB,,,,,,,,,,This slot does not appear in Celcat ,booked term 1 & 2,,,
SE,CN6104,Network Programming and Distributed Systems,Practicals,1 & 2,Thursday,11:00,13:00,0,2,25,Mufajjul Ali/Syed Islam,,ITC07,,,,,,,Room booked for SEMA,,,,,,,,,,This slot does not appear in Celcat ,request sent to TT ,,,
,,,,,,,,,,,,,,,,,,,,,,,,,,,,,,,,,,
CS,CN6121,Artificial Intelligence,Lecture,1,Friday,14:00,15:00,01:00,0,50,Sin Wee Lee/Shafiq Ur Rehman,,EB.2.46,,,,,,,,,,,,,,,,,Remove Saima Rehman and add Shafiq Ur Rehman into the staff list ,amended,,,
CS,CN6121,Artificial Intelligence,Practicals,1,Friday,15:00,17:00,02:00,1,25,Sin Wee Lee,,ITC03,,,,,,,,,,,,,,,,,Remove Shafiq Ur Rehman and add Sin Wee Lee ,amended,,,
CS,CN6121,Artificial Intelligence,Practicals,1,Friday,15:00,17:00,02:00,2,25,Shafiq Ur Rehman,,ITC05 (week1) and ITC07,,,,,,,,,,,,,,,,,Remove Sin Wee Lee and add Shafiq Ur Rehman,amended,,,
,,,,,,,,,,,,,,,,,,,,,,,,,,,,,,,,,,
MSc,,,,,,,,,,,,,,,,,,,,,,,,,,,,,,,,,,
All MSc ,CN7000,Dissertation,Lecture,1 & 2 & 3,Thursday,09:00,11:00,02:00,0,20,Syed Islam,ML,DL.3.02,,,,2,2,,,,,,,,,,,,,,,,
,,,,,,,,,,,,,,,,,,,,,,,,,,,,,,,,,,
"MSc SE, MSc BIS",CN7005,Project Management,Lecture,2,Monday,10:00,13:00,03:00,0,25,,ML,WB.2.06,,,,4,2,,,,,,,,,,,,,,,,
"MSc SE, MSc BIS",CN7005,Project Management,Practicals,2,Monday,14:00,16:00,02:00,1,25,,,ITC09,,,,,,,,,,,,,,,,,,,,,
,,,,,,,,,,,,,,,,,,,,,,,,,,,,,,,,,,
MSc SE,CN7010,Advanced Software Engineering ,Lecture,1,Tuesday,09:00,11:00,02:00,0,25,,ML,DL.3.05,,,,5,2.5,,,,,,,,,,,,,,,,
MSc SE,CN7010,Advanced Software Engineering ,Tutorial,1,Tuesday,13:00,15:00,02:00,1,25,  ,,KD.2.14,,,,,,,,,,,,,,,,,,,,,
,,,,,,,,,,,,,,,,,,,,,,,,,,,,,,,,,,
MSc SE,CN7011,Service Oriented Computing,Lecture,2,Wednesday,10:00,12:00,02:00,0,25,,ML,SD.1.22,,,,4,2,,,,,,,,,,,,,,,,
MSc SE,CN7011,Service Oriented Computing,Practicals,2,Wednesday,13:00,16:00,03:00,1,25,,,KD.2.15,,,,,,,Still an option for ISDF? - Check with Ameer,,,,,,,,,,,,,,
,,,,,,,,,,,,,,,,,,,,,,,,,,,,,,,,,,
MSc ISDF,CN7014,Security Management,Lecture,1,Mon-Fri,09:00,12:00,03:00,0,25,Rabih Bashroush,ML,EB..3.18,,,,4,2,,Update lecturer,,Please book this module in block mode (10th - 14th October),,,"Please book this module in block mode (10th - 14th October,  time: 9:00-12:00, 13:00-18:00) , any available lecture room ",,,,,,,,,
MSc ISDF,CN7014,Security Management,Tutorial,1,Mon-Fri,13:00,18:00,05:00,1,25,Rabih Bashroush,,EB..3.18,,,,,,,,,,,,,,,,,,,,,
,,,,,,,,,,,,,,,,,,,,,,,,,,,,,,,,,,
MSc ISDF,CN7015,IT and Law,Lecture,2,Mon-Fri,09:00,12:00,03:00,,,HPL,,"Monday- DL3.12
Tuesday- EB1.01
Wednesday- EBG.07
Thursday- EB3.17
Friday- DL3.02
",,,,,,,,,,,,"Please book this module in block mode (6th Feb - 10 Feb 17, time: 9:00-12:00, 13:00-18:00) , any available lecture room ",,,,,,,,,
MSc ISDF,CN7015,IT and Law,Tutorial,2,Mon-Fri,13:00,18:00,05:00,,,HPL,,,,,,,,,,,,,,,,,,,,,,,
,,,,,,,,,,,,,,,,,,,,,,,,,,,,,,,,,,
MSc ISDF,CN7016,Computer Security,Lecture,1,Monday,10:00,12:00,02:00,0,25, Paolo Falcarin/Andres Baravalle/Amin Karami,ML,DL.3.04,,,,4,2,,,,,,,,,,,,,,,,
MSc ISCF,CN7016,Computer Security,Tutorial,1,Monday,13:00,16:00,03:00,1,25,Paolo Falcarin/Andres Baravalle/Amin Karami,,KD.2.15,,,,,,,,,,,,,,,,,,,,,
,,,,,,,,,,,,,,,,,,,,,,,,,,,,,,,,,,
MSc ISDF,CN7019,Digital Forensics,Lecture,2,,,,00:00,0,25,Ameer Al-Nemrat,ML,WB2.06 / WB.1.01. EB.1.105/ EB.1.08/DL3.03,,,,4,2,,,Rooms booked 13/03-17/03/2017 Monday- WB2.06 Tuesday- WB1.01Wednesday- EB1.105Thursday- EB1.08Friday- DL3.031-4pm:Monday- EB3.12Tuesday- EB2.45Wednesday- EB1.105Thursday- EB.1.63Friday- DL.3.03,,,,"Please book this module in block mode (6th Mar - 10th Mar 2017, time: 9:00-12:00 (any lecture room) ,  tutorial: 13:00-18:00 KD.2.28) ",,,,,,,,,
MSc ISDF,CN7019,Digital Forensics,Tutorial,2,,,,00:00,1,25,Ameer Al-Nemrat,,EB.3.12/EB.2.45/EB.1.105/EB.1.63/DL3.03,,,,,,,,,,,,,,,,,,,,,
,,,,,,,,,,,,,,,,,,,,,,,,,,,,,,,,,,
Apprenticeship,,,,,,,,,,,,,,,,,,,,,,,,,,,,,,,,,,
,,,,,,,,,,,,,,,,,,,,,,,,,,,,,,,,,,
,CN4102,Introduction to Software Development,Week 1 - 2,09/11/2015,20/11/2015,,,,,,Sin Wee Lee,,,,,,,,,,,,,,,,,,,,,,,
,,,Week 3 - 4,23/11/2015,04/12/2015,,,,,,Syed Saiful Islam,,,,,,,,,,,,,,,,,,,,,,,
,,,Week 5 - 6,07/12/2015,18/12/2015,,,,,,Aaron Kans,ML,,,,,,,,,,,,,,,,,,,,,,
,,,,,,,,,,,,,,,,,,,,,,,,,,,,,,,,,,
,CN4103,Web Technologies,Week 1 - 2,11/01/2016,22/01/2016,,,,,,Gaurav Malik,ML,,,,,,,,,,,,,,,,,,,,,,
,,,Week 3 - 4,29/02/2016,11/03/2016,,,,,,Mufajjul Ali,,,,,,,,,,,,,,,,,,,,,,,
,,,Week 5 - 6,14/03/2016,25/03/2016,,,,,,Andres Baravalle,,,,,,,,,,,,,,,,,,,,,,,
,,,,,,,,,,,,,,,,,,,,,,,,,,,,,,,,,,
,CN4104,Introduction to Computer Systems and Networks,Week 1 - 2,28/03/2016,08/04/2016,,,,,,Claudia Iacob,,,,,,,,,,,,,,,,,,,,,,,
,,,Week 3 - 4,11/04/2016,22/04/2016,,,,,,Usman Naeem ,ML,,,,,,,,,,,,,,,,,,,,,,
,,,Week 5 - 6,25/05/2016,06/05/2016,,,,,,??,,,,,,,,,,,,,,,,,,,,,,,
,,,,,,,,,,,,,,,,,,,,,,,,,,,,,,,,,,
,CN5101,Database Systems,Week 1 - 2,21/09/2015,09/10/2015,,,,,,Maruuf Ali,ML,,,,,,,,,,,,,,,,,,,,,,
,,,Week 3 - 4,12/10/2015,23/10/2015,,,,,,Abdel Rahman Tawil,,,,,,,,,,,,,,,,,,,,,,,
,,,Week 5 - 6,26/10/2015,06/11/2015,,,,,,Julie Wall,,,,,,,,,,,,,,,,,,,,,,,
,,,,,,,,,,,,,,,,,,,,,,,,,,,,,,,,,,
,CN5102,Data Structures and Algorithms,Week 1 - 2,09/11/2015,20/11/2015,,,,,,Christophe Tartary,ML,,,,,,,,,,,,,,,,,,,,,,
,,,Week 3 - 4,23/11/2015,04/12/2015,,,,,,Paolo Falcarin ,,,,,,,,,,,,,,,,,,,,,,,
,,,Week 5 - 6,07/12/2015,18/12/2015,,,,,,Rabih Bashroush,,,,,,,,,,,,,,,,,,,,,,,
,,,,,,,,,,,,,,,,,,,,,,,,,,,,,,,,,,
,CN5106,Network Infrastructure and Protocols,Week 1 - 2,28/03/2016,08/04/2016,,,,,,Paul Bombo,ML,,,,,,,,,,,,,,,,,,,,,,
,,,Week 3 - 4,11/04/2016,22/04/2016,,,,,,Ameer Al-Nemrat,,,,,,,,,,,,,,,,,,,,,,,
,,,Week 5 - 6,25/05/2016,06/05/2016,,,,,,Mike Kretsis,,,,,,,,,,,,,,,,,,,,,,,
,,,,,,,,,,,,,,,,,,,,,,,,,,,,,,,,,,
,CN5107,Data Communications,Week 1 - 2,11/01/2016,22/01/2016,,,,,,Aloysius Edoh,ML,,,,,,,,,,,,,,,,,,,,,,
,,,Week 3 - 4,29/02/2016,11/03/2016,,,,,,Maruuf Ali,,,,,,,,,,,,,,,,,,,,,,,
,,,Week 5 - 6,14/03/2016,25/03/2016,,,,,,Ken Yeo / David Xiao,,,,,,,,,,,,,,,,,,,,,,,
,,,,,,,,,,,,,,,,,,,,,,,,,,,,,,,,,,
,ED0001,English Language Development,,21/09/2015,09/10/2015,,,,,,Katie Sill ,,,,,,,,,,,,,,,,,,,,,,,
,,,,12/10/2015,23/10/2015,,,,,,Katie Sill ,,,,,,,,,,,,,,,,,,,,,,,
,,,,26/10/2015,06/11/2015,,,,,,Katie Sill ,,,,,,,,,,,,,,,,,,,,,,,
,,,,09/11/2015,20/11/2015,,,,,,Katie Sill ,,,,,,,,,,,,,,,,,,,,,,,
,,,,23/11/2015,04/12/2015,,,,,,Katie Sill ,,,,,,,,,,,,,,,,,,,,,,,
,,,,07/12/2015,18/12/2015,,,,,,Katie Sill ,,,,,,,,,,,,,,,,,,,,,,,
,,,,,,,,,,,,,,,,,,,,,,,,,,,,,,,,,,
,ED0002,English Language Skills ,,11/01/2016,22/01/2016,,,,,,Katie Sill ,,,,,,,,,,,,,,,,,,,,,,,
,,,,29/02/2016,11/03/2016,,,,,,Katie Sill ,,,,,,,,,,,,,,,,,,,,,,,
,,,,14/03/2016,25/03/2016,,,,,,Katie Sill ,,,,,,,,,,,,,,,,,,,,,,,
,,,,28/03/2016,15/04/2016,,,,,,Katie Sill ,,,,,,,,,,,,,,,,,,,,,,,
,,,,18/04/2016,29/04/2016,,,,,,Katie Sill ,,,,,,,,,,,,,,,,,,,,,,,
,,,,02/05/2016,13/05/2016,,,,,,Katie Sill ,,,,,,,,,,,,,,,,,,,,,,,
,,,,,,,,,,,,,,,,,,,,,,,,,,,,,,,,,,
,,,,,,,,,,,,,,,,,,,,,,,,,,,,,,,,,,
D&TS,CD4101,Information Systems,Lecture,1 & 2,Friday,09:00,11:00,02:00,0,20,?,ML,EB.G.08,,,,,,,Needs to be timetabled,Waiting for Gaurav,May not run this year ,"Not available, will request another room",,,,,,,,,,,
D&TS,CD4101,Information Systems,Tutorial,1 & 2,Friday,11:00,13:00,02:00,1,20,?,,KD.2.28,,,,,,,"Book classroom plus KD lab, in parallel, if possible",,May not run this year ,available,,,,,,,,,,,
,,,,,,,,,,,,,,,,,,,,,,,,,,,,,,,,,,
D&TS,CD4103,Computer and Network Infrastructure,Lecture ,1 & 2,Friday,14:00,16:00,02:00,0,20,?,ML,EB.G.08,,,,,,,Needs to be timetabled,,May not run this year ,"Not available, will request another room",,,,,,,,,,,
D&TS,CD4103,Computer and Network Infrastructure,Tutorial,1 & 2,Friday,16:00,18:00,02:00,1,20,?,,KD.2.28,,,,,,,"Book classroom plus KD lab, in parallel, if possible",,May not run this year ,Possibly,,,,,,,,,,,
,,,,,,,,,,,,,,,,,,,,,,,,,,,,,,,,,,
D&TS,CD4104,Business Organisations,Lecture/tutorial,1 & 2,Saturday,09:00,13:00,04:00,1,20,?,?,EB.G.08,,,,,,,Block mode/weekends x 4?,,May not run this year ,available,,,,,,,,,,,
D&TS,CD4104,Business Organisations,Lecture/tutorial,1 & 2,Saturday,14:00,18:00,04:00,1,20,?,?,KD.2.28,,,,,,,This is provisional only,,May not run this year ,available,,,,,,,,,,,
D&TS,CD4104,Business Organisations,Lecture/tutorial,1 & 2,Sunday,10:00,13:00,03:00,1,20,?,?,EB.G.08,,,,,,,,,May not run this year ,available,,,,,,,,,,,
D&TS,CD4104,Business Organisations,Lecture/tutorial,1 & 2,Sunday,14:00,17:00,03:00,1,20,?,?,KD.2.28,,,,,,,,,May not run this year ,available,,,,,,,,,,,
,,,,,,,,,,,,,,,,,,,,,,,,,,,,,,,,,,
,,,,,,,,,,,,,,,,,,,,,,,,,,,,,,,,,,
HDU,,,,,,,,,,,,,,,,,,,,,,,,,,,,,,,,,,
,,,,Start,End ,,,,,,,,,,,,,,,,,,,,,,,,,,,,,
,CN4101,Information Systems Modelling and Design,Week 1 - 2,21/09/2015,09/10/2015,,,,,,Mufajjul Ali,ML,Finishing on the 30th Sep,,,,,,,,,,,,,,,,,,,,,
,,,Week 3 - 4,12/10/2015,23/10/2015,,,,,,Arish Siddiqui,,Going on the 8th October,,,,,,,,,,,,,,,,,,,,,
,,,Week 5 - 6,26/10/2015,06/11/2015,,,,,,Shareeful Islam,,,,,,,,,,,,,,,,,,,,,,,
,,,,,,,,,,,,,,,,,,,,,,,,,,,,,,,,,,
,,,,,,,,,,,,,,,,,,,,,,,,,,,,,,,,,,
,,,,,,,,,,,,,,,,,,,,,,,,,,,,,,,,,,
,,,,,,,,,,,,,,,,,,,,,,,,,,,,,,,,,,
,,,,,,,,,,,,,,,,,,,,,,,,,,,,,,,,,,
,,,,,,,,,,,,,,,,,,,,,,,,,,,,,,,,,,
,,,,,,,,,,,,,,,,,,,,,,,,,,,,,,,,,,
,,,,,,,,,,,,,,,,,,,,,,,,,,,,,,,,,,
,,,,,,,,,,,,,,,,,,,,,,,,,,,,,,,,,,
,,,,,,,,,,,,,,,,,,,,,,,,,,,,,,,,,,
,,,,,,,,,,,,,,,,,,,,,,,,,,,,,,,,,,
,,,,,,,,,,,,,,,,,,,,,,,,,,,,,,,,,,
,,,,,,,,,,,,,,,,,,,,,,,,,,,,,,,,,,
,,,,,,,,,,,,,,,,,,,,,,,,,,,,,,,,,,
,,,,,,,,,,,,,,,,,,,,,,,,,,,,,,,,,,
,,,,,,,,,,,,,,,,,,,,,,,,,,,,,,,,,,
,,,,,,,,,,,,,,,,,,,,,,,,,,,,,,,,,,
,,,,,,,,,,,,,,,,,,,,,,,,,,,,,,,,,,
,,,,,,,,,,,,,,,,,,,,,,,,,,,,,,,,,,
,,,,,,,,,,,,,,,,,,,,,,,,,,,,,,,,,,
